state_year,state,year,unemployment_rate_state_oct
AL_1976,AL,1976,7
AL_1977,AL,1977,6.8
AL_1978,AL,1978,6.5
AL_1979,AL,1979,7.2
AL_1980,AL,1980,9.6
AL_1981,AL,1981,11.4
AL_1982,AL,1982,15.2
AL_1983,AL,1983,12.8
AL_1984,AL,1984,10.5
AL_1985,AL,1985,8.7
AL_1986,AL,1986,9.7
AL_1987,AL,1987,7.5
AL_1988,AL,1988,7.4
AL_1989,AL,1989,6.9
AL_1990,AL,1990,7
AL_1991,AL,1991,7.2
AL_1992,AL,1992,7.4
AL_1993,AL,1993,7.1
AL_1994,AL,1994,6
AL_1995,AL,1995,5.8
AL_1996,AL,1996,5.1
AL_1997,AL,1997,4.8
AL_1998,AL,1998,4.5
AL_1999,AL,1999,4.8
AL_2000,AL,2000,4.6
AL_2001,AL,2001,5.6
AL_2002,AL,2002,5.8
AL_2003,AL,2003,6.1
AL_2004,AL,2004,5.5
AL_2005,AL,2005,4.3
AL_2006,AL,2006,4
AL_2007,AL,2007,4.2
AL_2008,AL,2008,6.7
AL_2009,AL,2009,11.8
AL_2010,AL,2010,10.1
AL_2011,AL,2011,9
AL_2012,AL,2012,7.8
AL_2013,AL,2013,7.2
AL_2014,AL,2014,6.4
AL_2015,AL,2015,6
AL_2016,AL,2016,5.9
AL_2017,AL,2017,3.8
AK_1976,AK,1976,8.1
AK_1977,AK,1977,10.3
AK_1978,AK,1978,10.2
AK_1979,AK,1979,9.2
AK_1980,AK,1980,9.8
AK_1981,AK,1981,9.8
AK_1982,AK,1982,10.1
AK_1983,AK,1983,9.9
AK_1984,AK,1984,9.5
AK_1985,AK,1985,9.7
AK_1986,AK,1986,11
AK_1987,AK,1987,9.8
AK_1988,AK,1988,8.5
AK_1989,AK,1989,7
AK_1990,AK,1990,7.3
AK_1991,AK,1991,9
AK_1992,AK,1992,8.6
AK_1993,AK,1993,7.6
AK_1994,AK,1994,7.4
AK_1995,AK,1995,7.5
AK_1996,AK,1996,7.5
AK_1997,AK,1997,6.9
AK_1998,AK,1998,6.4
AK_1999,AK,1999,6.3
AK_2000,AK,2000,6.4
AK_2001,AK,2001,6.5
AK_2002,AK,2002,7.5
AK_2003,AK,2003,7.8
AK_2004,AK,2004,7.3
AK_2005,AK,2005,6.9
AK_2006,AK,2006,6.5
AK_2007,AK,2007,6.4
AK_2008,AK,2008,6.8
AK_2009,AK,2009,8
AK_2010,AK,2010,7.8
AK_2011,AK,2011,7.5
AK_2012,AK,2012,7
AK_2013,AK,2013,7
AK_2014,AK,2014,6.7
AK_2015,AK,2015,6.6
AK_2016,AK,2016,7
AK_2017,AK,2017,7.2
AZ_1976,AZ,1976,9.3
AZ_1977,AZ,1977,7.6
AZ_1978,AZ,1978,5.7
AZ_1979,AZ,1979,4.9
AZ_1980,AZ,1980,6.7
AZ_1981,AZ,1981,6.6
AZ_1982,AZ,1982,11.4
AZ_1983,AZ,1983,7
AZ_1984,AZ,1984,5.2
AZ_1985,AZ,1985,6.5
AZ_1986,AZ,1986,7.2
AZ_1987,AZ,1987,6.2
AZ_1988,AZ,1988,6.3
AZ_1989,AZ,1989,5.1
AZ_1990,AZ,1990,5.2
AZ_1991,AZ,1991,6.8
AZ_1992,AZ,1992,7.3
AZ_1993,AZ,1993,6.1
AZ_1994,AZ,1994,6
AZ_1995,AZ,1995,5.3
AZ_1996,AZ,1996,5.6
AZ_1997,AZ,1997,4.3
AZ_1998,AZ,1998,4.4
AZ_1999,AZ,1999,4.3
AZ_2000,AZ,2000,3.9
AZ_2001,AZ,2001,5.4
AZ_2002,AZ,2002,6.1
AZ_2003,AZ,2003,5.6
AZ_2004,AZ,2004,4.8
AZ_2005,AZ,2005,4.6
AZ_2006,AZ,2006,4
AZ_2007,AZ,2007,3.9
AZ_2008,AZ,2008,7.3
AZ_2009,AZ,2009,10.8
AZ_2010,AZ,2010,10.1
AZ_2011,AZ,2011,9.2
AZ_2012,AZ,2012,8
AZ_2013,AZ,2013,7.6
AZ_2014,AZ,2014,6.6
AZ_2015,AZ,2015,5.8
AZ_2016,AZ,2016,5.2
AZ_2017,AZ,2017,4.7
AR_1976,AR,1976,6.6
AR_1977,AR,1977,6.4
AR_1978,AR,1978,6.4
AR_1979,AR,1979,6.1
AR_1980,AR,1980,8.2
AR_1981,AR,1981,9
AR_1982,AR,1982,10.1
AR_1983,AR,1983,9.5
AR_1984,AR,1984,8.6
AR_1985,AR,1985,8.7
AR_1986,AR,1986,8.5
AR_1987,AR,1987,7.9
AR_1988,AR,1988,7.4
AR_1989,AR,1989,6.8
AR_1990,AR,1990,7.1
AR_1991,AR,1991,7.4
AR_1992,AR,1992,6.8
AR_1993,AR,1993,5.9
AR_1994,AR,1994,5.1
AR_1995,AR,1995,4.9
AR_1996,AR,1996,5.3
AR_1997,AR,1997,5.2
AR_1998,AR,1998,5.1
AR_1999,AR,1999,4.5
AR_2000,AR,2000,4.3
AR_2001,AR,2001,5.2
AR_2002,AR,2002,5.4
AR_2003,AR,2003,6
AR_2004,AR,2004,5.6
AR_2005,AR,2005,5.1
AR_2006,AR,2006,5.3
AR_2007,AR,2007,5.4
AR_2008,AR,2008,6.1
AR_2009,AR,2009,8
AR_2010,AR,2010,8.3
AR_2011,AR,2011,8
AR_2012,AR,2012,7.5
AR_2013,AR,2013,7
AR_2014,AR,2014,5.7
AR_2015,AR,2015,4.5
AR_2016,AR,2016,3.8
AR_2017,AR,2017,3.7
CA_1976,CA,1976,9.3
CA_1977,CA,1977,7.8
CA_1978,CA,1978,6.8
CA_1979,CA,1979,6.2
CA_1980,CA,1980,7.1
CA_1981,CA,1981,7.8
CA_1982,CA,1982,10.7
CA_1983,CA,1983,8.9
CA_1984,CA,1984,7.5
CA_1985,CA,1985,7
CA_1986,CA,1986,6.6
CA_1987,CA,1987,5.5
CA_1988,CA,1988,5.3
CA_1989,CA,1989,5.2
CA_1990,CA,1990,6.4
CA_1991,CA,1991,8
CA_1992,CA,1992,9.7
CA_1993,CA,1993,9.3
CA_1994,CA,1994,8.2
CA_1995,CA,1995,7.9
CA_1996,CA,1996,6.9
CA_1997,CA,1997,6.1
CA_1998,CA,1998,5.9
CA_1999,CA,1999,5.1
CA_2000,CA,2000,4.8
CA_2001,CA,2001,6
CA_2002,CA,2002,6.7
CA_2003,CA,2003,6.7
CA_2004,CA,2004,5.9
CA_2005,CA,2005,5.3
CA_2006,CA,2006,4.9
CA_2007,CA,2007,5.7
CA_2008,CA,2008,8.3
CA_2009,CA,2009,11.8
CA_2010,CA,2010,12.3
CA_2011,CA,2011,11.5
CA_2012,CA,2012,9.9
CA_2013,CA,2013,8.6
CA_2014,CA,2014,7.1
CA_2015,CA,2015,5.8
CA_2016,CA,2016,5.4
CA_2017,CA,2017,4.5
CO_1976,CO,1976,6.2
CO_1977,CO,1977,6.1
CO_1978,CO,1978,5.1
CO_1979,CO,1979,4.8
CO_1980,CO,1980,6.4
CO_1981,CO,1981,5.6
CO_1982,CO,1982,8.3
CO_1983,CO,1983,6
CO_1984,CO,1984,5.6
CO_1985,CO,1985,6.3
CO_1986,CO,1986,8.1
CO_1987,CO,1987,7
CO_1988,CO,1988,6.1
CO_1989,CO,1989,5.5
CO_1990,CO,1990,5.1
CO_1991,CO,1991,5.5
CO_1992,CO,1992,6.1
CO_1993,CO,1993,4.9
CO_1994,CO,1994,3.8
CO_1995,CO,1995,4.2
CO_1996,CO,1996,4.1
CO_1997,CO,1997,3.3
CO_1998,CO,1998,3.5
CO_1999,CO,1999,3
CO_2000,CO,2000,2.8
CO_2001,CO,2001,4.7
CO_2002,CO,2002,5.6
CO_2003,CO,2003,5.9
CO_2004,CO,2004,5.3
CO_2005,CO,2005,4.8
CO_2006,CO,2006,4.1
CO_2007,CO,2007,3.9
CO_2008,CO,2008,5.4
CO_2009,CO,2009,7.8
CO_2010,CO,2010,8.9
CO_2011,CO,2011,8.2
CO_2012,CO,2012,7.7
CO_2013,CO,2013,6.4
CO_2014,CO,2014,4.4
CO_2015,CO,2015,3.6
CO_2016,CO,2016,3.1
CO_2017,CO,2017,3
CT_1976,CT,1976,8.8
CT_1977,CT,1977,6.4
CT_1978,CT,1978,5.1
CT_1979,CT,1979,5
CT_1980,CT,1980,6.2
CT_1981,CT,1981,6.2
CT_1982,CT,1982,7
CT_1983,CT,1983,5.3
CT_1984,CT,1984,4.7
CT_1985,CT,1985,4.4
CT_1986,CT,1986,3.7
CT_1987,CT,1987,3.2
CT_1988,CT,1988,3.1
CT_1989,CT,1989,4.3
CT_1990,CT,1990,5.3
CT_1991,CT,1991,7.2
CT_1992,CT,1992,7.6
CT_1993,CT,1993,6
CT_1994,CT,1994,5.6
CT_1995,CT,1995,5.3
CT_1996,CT,1996,5.7
CT_1997,CT,1997,4.4
CT_1998,CT,1998,3.2
CT_1999,CT,1999,2.8
CT_2000,CT,2000,2.2
CT_2001,CT,2001,3.3
CT_2002,CT,2002,5
CT_2003,CT,2003,5.4
CT_2004,CT,2004,4.8
CT_2005,CT,2005,4.8
CT_2006,CT,2006,4.3
CT_2007,CT,2007,4.7
CT_2008,CT,2008,6.3
CT_2009,CT,2009,8.5
CT_2010,CT,2010,9.2
CT_2011,CT,2011,8.5
CT_2012,CT,2012,8.4
CT_2013,CT,2013,7.5
CT_2014,CT,2014,6.3
CT_2015,CT,2015,5.6
CT_2016,CT,2016,4.9
CT_2017,CT,2017,4.5
DE_1976,DE,1976,9.7
DE_1977,DE,1977,7.7
DE_1978,DE,1978,7.2
DE_1979,DE,1979,7.2
DE_1980,DE,1980,7.9
DE_1981,DE,1981,8.1
DE_1982,DE,1982,8.1
DE_1983,DE,1983,7.4
DE_1984,DE,1984,6.2
DE_1985,DE,1985,4.6
DE_1986,DE,1986,3.7
DE_1987,DE,1987,3.1
DE_1988,DE,1988,3.3
DE_1989,DE,1989,3.7
DE_1990,DE,1990,6.3
DE_1991,DE,1991,5.7
DE_1992,DE,1992,5.2
DE_1993,DE,1993,5.3
DE_1994,DE,1994,4.3
DE_1995,DE,1995,4.6
DE_1996,DE,1996,5.3
DE_1997,DE,1997,3.6
DE_1998,DE,1998,3.5
DE_1999,DE,1999,3.5
DE_2000,DE,2000,3.9
DE_2001,DE,2001,3.5
DE_2002,DE,2002,3.9
DE_2003,DE,2003,4.1
DE_2004,DE,2004,4.1
DE_2005,DE,2005,4.3
DE_2006,DE,2006,3.4
DE_2007,DE,2007,3.5
DE_2008,DE,2008,6
DE_2009,DE,2009,8.6
DE_2010,DE,2010,8.2
DE_2011,DE,2011,7.3
DE_2012,DE,2012,7.3
DE_2013,DE,2013,6.3
DE_2014,DE,2014,5.4
DE_2015,DE,2015,4.7
DE_2016,DE,2016,4.5
DE_2017,DE,2017,4.5
FL_1976,FL,1976,8.9
FL_1977,FL,1977,7.5
FL_1978,FL,1978,6.6
FL_1979,FL,1979,5.7
FL_1980,FL,1980,6.4
FL_1981,FL,1981,7
FL_1982,FL,1982,9
FL_1983,FL,1983,7.7
FL_1984,FL,1984,6.2
FL_1985,FL,1985,5.8
FL_1986,FL,1986,5.8
FL_1987,FL,1987,5.2
FL_1988,FL,1988,5.2
FL_1989,FL,1989,5.7
FL_1990,FL,1990,6.5
FL_1991,FL,1991,7.9
FL_1992,FL,1992,8
FL_1993,FL,1993,6.9
FL_1994,FL,1994,6.1
FL_1995,FL,1995,5.6
FL_1996,FL,1996,5
FL_1997,FL,1997,4.6
FL_1998,FL,1998,4.2
FL_1999,FL,1999,3.8
FL_2000,FL,2000,3.7
FL_2001,FL,2001,5.8
FL_2002,FL,2002,5.4
FL_2003,FL,2003,5
FL_2004,FL,2004,4.5
FL_2005,FL,2005,3.4
FL_2006,FL,2006,3.3
FL_2007,FL,2007,4.4
FL_2008,FL,2008,7.4
FL_2009,FL,2009,11
FL_2010,FL,2010,11
FL_2011,FL,2011,9.5
FL_2012,FL,2012,8.1
FL_2013,FL,2013,6.8
FL_2014,FL,2014,6
FL_2015,FL,2015,5.2
FL_2016,FL,2016,4.8
FL_2017,FL,2017,3.9
GA_1976,GA,1976,8.1
GA_1977,GA,1977,6.3
GA_1978,GA,1978,5.8
GA_1979,GA,1979,5
GA_1980,GA,1980,6.3
GA_1981,GA,1981,6.7
GA_1982,GA,1982,8.2
GA_1983,GA,1983,7.2
GA_1984,GA,1984,6.1
GA_1985,GA,1985,6.1
GA_1986,GA,1986,6
GA_1987,GA,1987,5.8
GA_1988,GA,1988,5.5
GA_1989,GA,1989,5.5
GA_1990,GA,1990,5.8
GA_1991,GA,1991,4.7
GA_1992,GA,1992,6.9
GA_1993,GA,1993,5.8
GA_1994,GA,1994,4.8
GA_1995,GA,1995,4.9
GA_1996,GA,1996,4.8
GA_1997,GA,1997,4.3
GA_1998,GA,1998,4.2
GA_1999,GA,1999,3.9
GA_2000,GA,2000,3.4
GA_2001,GA,2001,4.5
GA_2002,GA,2002,5
GA_2003,GA,2003,4.5
GA_2004,GA,2004,5
GA_2005,GA,2005,5.3
GA_2006,GA,2006,4.6
GA_2007,GA,2007,4.8
GA_2008,GA,2008,7.3
GA_2009,GA,2009,10.4
GA_2010,GA,2010,10.6
GA_2011,GA,2011,10.1
GA_2012,GA,2012,8.8
GA_2013,GA,2013,7.8
GA_2014,GA,2014,6.8
GA_2015,GA,2015,5.6
GA_2016,GA,2016,5.4
GA_2017,GA,2017,4.5
HI_1976,HI,1976,8.6
HI_1977,HI,1977,7.8
HI_1978,HI,1978,6.8
HI_1979,HI,1979,5.7
HI_1980,HI,1980,5.2
HI_1981,HI,1981,5.6
HI_1982,HI,1982,6.2
HI_1983,HI,1983,5.9
HI_1984,HI,1984,5.8
HI_1985,HI,1985,5.4
HI_1986,HI,1986,4.3
HI_1987,HI,1987,3.6
HI_1988,HI,1988,3.2
HI_1989,HI,1989,2.5
HI_1990,HI,1990,2.6
HI_1991,HI,1991,3.1
HI_1992,HI,1992,4.8
HI_1993,HI,1993,4.5
HI_1994,HI,1994,5.6
HI_1995,HI,1995,6.1
HI_1996,HI,1996,6.3
HI_1997,HI,1997,6.1
HI_1998,HI,1998,6.1
HI_1999,HI,1999,5.1
HI_2000,HI,2000,4
HI_2001,HI,2001,4.9
HI_2002,HI,2002,3.8
HI_2003,HI,2003,4.2
HI_2004,HI,2004,3.2
HI_2005,HI,2005,2.8
HI_2006,HI,2006,2.4
HI_2007,HI,2007,3
HI_2008,HI,2008,5.2
HI_2009,HI,2009,7.3
HI_2010,HI,2010,6.9
HI_2011,HI,2011,6.9
HI_2012,HI,2012,5.4
HI_2013,HI,2013,4.8
HI_2014,HI,2014,4.1
HI_2015,HI,2015,3.3
HI_2016,HI,2016,2.9
HI_2017,HI,2017,2.1
ID_1976,ID,1976,5.6
ID_1977,ID,1977,5.7
ID_1978,ID,1978,5.8
ID_1979,ID,1979,5.8
ID_1980,ID,1980,7.7
ID_1981,ID,1981,8.5
ID_1982,ID,1982,10
ID_1983,ID,1983,8.3
ID_1984,ID,1984,7.4
ID_1985,ID,1985,8
ID_1986,ID,1986,8.5
ID_1987,ID,1987,7.2
ID_1988,ID,1988,5.7
ID_1989,ID,1989,5.2
ID_1990,ID,1990,5.7
ID_1991,ID,1991,6.2
ID_1992,ID,1992,6.4
ID_1993,ID,1993,5.7
ID_1994,ID,1994,5.5
ID_1995,ID,1995,5.4
ID_1996,ID,1996,5.2
ID_1997,ID,1997,5.1
ID_1998,ID,1998,5.1
ID_1999,ID,1999,4.8
ID_2000,ID,2000,4.8
ID_2001,ID,2001,5.3
ID_2002,ID,2002,5.4
ID_2003,ID,2003,5.5
ID_2004,ID,2004,4.8
ID_2005,ID,2005,3.8
ID_2006,ID,2006,3.3
ID_2007,ID,2007,3.2
ID_2008,ID,2008,6.3
ID_2009,ID,2009,9.3
ID_2010,ID,2010,8.8
ID_2011,ID,2011,8
ID_2012,ID,2012,6.8
ID_2013,ID,2013,5.7
ID_2014,ID,2014,4.6
ID_2015,ID,2015,4.1
ID_2016,ID,2016,3.6
ID_2017,ID,2017,3
IL_1976,IL,1976,6.6
IL_1977,IL,1977,6.4
IL_1978,IL,1978,5.7
IL_1979,IL,1979,5.8
IL_1980,IL,1980,8.9
IL_1981,IL,1981,8.6
IL_1982,IL,1982,12.6
IL_1983,IL,1983,10.6
IL_1984,IL,1984,8.8
IL_1985,IL,1985,9.1
IL_1986,IL,1986,7.9
IL_1987,IL,1987,7.1
IL_1988,IL,1988,6.4
IL_1989,IL,1989,6.3
IL_1990,IL,1990,6.4
IL_1991,IL,1991,7.9
IL_1992,IL,1992,7.3
IL_1993,IL,1993,7.1
IL_1994,IL,1994,5.4
IL_1995,IL,1995,5.2
IL_1996,IL,1996,5.1
IL_1997,IL,1997,4.7
IL_1998,IL,1998,4.5
IL_1999,IL,1999,4.4
IL_2000,IL,2000,4.4
IL_2001,IL,2001,5.7
IL_2002,IL,2002,6.5
IL_2003,IL,2003,6.8
IL_2004,IL,2004,6.1
IL_2005,IL,2005,5.5
IL_2006,IL,2006,4.4
IL_2007,IL,2007,5.3
IL_2008,IL,2008,6.9
IL_2009,IL,2009,11
IL_2010,IL,2010,9.8
IL_2011,IL,2011,9.9
IL_2012,IL,2012,9
IL_2013,IL,2013,8.8
IL_2014,IL,2014,6.4
IL_2015,IL,2015,5.9
IL_2016,IL,2016,5.6
IL_2017,IL,2017,4.9
IN_1976,IN,1976,5.8
IN_1977,IN,1977,5.8
IN_1978,IN,1978,5.5
IN_1979,IN,1979,7.4
IN_1980,IN,1980,9.8
IN_1981,IN,1981,10.4
IN_1982,IN,1982,12.4
IN_1983,IN,1983,10.5
IN_1984,IN,1984,8.3
IN_1985,IN,1985,7.2
IN_1986,IN,1986,6.7
IN_1987,IN,1987,5.8
IN_1988,IN,1988,5.3
IN_1989,IN,1989,5.2
IN_1990,IN,1990,5.4
IN_1991,IN,1991,5.7
IN_1992,IN,1992,6.5
IN_1993,IN,1993,4.6
IN_1994,IN,1994,4.7
IN_1995,IN,1995,4.6
IN_1996,IN,1996,3.6
IN_1997,IN,1997,3.6
IN_1998,IN,1998,3.2
IN_1999,IN,1999,3.2
IN_2000,IN,2000,2.9
IN_2001,IN,2001,4.9
IN_2002,IN,2002,5
IN_2003,IN,2003,5.4
IN_2004,IN,2004,5.5
IN_2005,IN,2005,5.4
IN_2006,IN,2006,5
IN_2007,IN,2007,4.6
IN_2008,IN,2008,6.9
IN_2009,IN,2009,10.6
IN_2010,IN,2010,9.9
IN_2011,IN,2011,9.2
IN_2012,IN,2012,8.3
IN_2013,IN,2013,7
IN_2014,IN,2014,5.7
IN_2015,IN,2015,4.5
IN_2016,IN,2016,4.2
IN_2017,IN,2017,3.5
IA_1976,IA,1976,3.9
IA_1977,IA,1977,3.9
IA_1978,IA,1978,3.9
IA_1979,IA,1979,4.4
IA_1980,IA,1980,6.6
IA_1981,IA,1981,7.1
IA_1982,IA,1982,8.8
IA_1983,IA,1983,7.4
IA_1984,IA,1984,7.1
IA_1985,IA,1985,7.4
IA_1986,IA,1986,6.3
IA_1987,IA,1987,5.2
IA_1988,IA,1988,4.3
IA_1989,IA,1989,4.3
IA_1990,IA,1990,4.5
IA_1991,IA,1991,4.6
IA_1992,IA,1992,4.3
IA_1993,IA,1993,3.9
IA_1994,IA,1994,3.4
IA_1995,IA,1995,3.4
IA_1996,IA,1996,3.5
IA_1997,IA,1997,3
IA_1998,IA,1998,2.8
IA_1999,IA,1999,2.5
IA_2000,IA,2000,2.8
IA_2001,IA,2001,3.5
IA_2002,IA,2002,4
IA_2003,IA,2003,4.5
IA_2004,IA,2004,4.6
IA_2005,IA,2005,4.2
IA_2006,IA,2006,3.7
IA_2007,IA,2007,3.7
IA_2008,IA,2008,4.7
IA_2009,IA,2009,6.5
IA_2010,IA,2010,5.9
IA_2011,IA,2011,5.5
IA_2012,IA,2012,5
IA_2013,IA,2013,4.5
IA_2014,IA,2014,4.1
IA_2015,IA,2015,3.7
IA_2016,IA,2016,3.6
IA_2017,IA,2017,2.9
KS_1976,KS,1976,4.1
KS_1977,KS,1977,3.7
KS_1978,KS,1978,3
KS_1979,KS,1979,3.3
KS_1980,KS,1980,4.7
KS_1981,KS,1981,4.4
KS_1982,KS,1982,7
KS_1983,KS,1983,5.3
KS_1984,KS,1984,4.8
KS_1985,KS,1985,5.2
KS_1986,KS,1986,5.3
KS_1987,KS,1987,4.6
KS_1988,KS,1988,4.5
KS_1989,KS,1989,4.1
KS_1990,KS,1990,4.6
KS_1991,KS,1991,4.2
KS_1992,KS,1992,4.6
KS_1993,KS,1993,5
KS_1994,KS,1994,4.9
KS_1995,KS,1995,4.1
KS_1996,KS,1996,4.2
KS_1997,KS,1997,3.6
KS_1998,KS,1998,3.5
KS_1999,KS,1999,3.3
KS_2000,KS,2000,3.8
KS_2001,KS,2001,4.5
KS_2002,KS,2002,5.1
KS_2003,KS,2003,5.7
KS_2004,KS,2004,5.3
KS_2005,KS,2005,4.9
KS_2006,KS,2006,4.3
KS_2007,KS,2007,4.3
KS_2008,KS,2008,5
KS_2009,KS,2009,7.2
KS_2010,KS,2010,7
KS_2011,KS,2011,6.3
KS_2012,KS,2012,5.6
KS_2013,KS,2013,5.1
KS_2014,KS,2014,4.3
KS_2015,KS,2015,4
KS_2016,KS,2016,4.1
KS_2017,KS,2017,3.5
KY_1976,KY,1976,5.2
KY_1977,KY,1977,4.8
KY_1978,KY,1978,5.2
KY_1979,KY,1979,5.8
KY_1980,KY,1980,8.8
KY_1981,KY,1981,9
KY_1982,KY,1982,11.4
KY_1983,KY,1983,10.8
KY_1984,KY,1984,8.8
KY_1985,KY,1985,9.6
KY_1986,KY,1986,9.4
KY_1987,KY,1987,7.9
KY_1988,KY,1988,7.3
KY_1989,KY,1989,6.1
KY_1990,KY,1990,6.3
KY_1991,KY,1991,7.3
KY_1992,KY,1992,6.9
KY_1993,KY,1993,5.7
KY_1994,KY,1994,5.3
KY_1995,KY,1995,5.5
KY_1996,KY,1996,5.6
KY_1997,KY,1997,4.9
KY_1998,KY,1998,4.6
KY_1999,KY,1999,4.4
KY_2000,KY,2000,4.2
KY_2001,KY,2001,5.7
KY_2002,KY,2002,5.7
KY_2003,KY,2003,6
KY_2004,KY,2004,5.2
KY_2005,KY,2005,6.1
KY_2006,KY,2006,5.7
KY_2007,KY,2007,5.4
KY_2008,KY,2008,7.3
KY_2009,KY,2009,10.6
KY_2010,KY,2010,10
KY_2011,KY,2011,9.1
KY_2012,KY,2012,8.1
KY_2013,KY,2013,7.9
KY_2014,KY,2014,5.7
KY_2015,KY,2015,5.3
KY_2016,KY,2016,5.2
KY_2017,KY,2017,4.6
LA_1976,LA,1976,7
LA_1977,LA,1977,7.4
LA_1978,LA,1978,6.1
LA_1979,LA,1979,7.1
LA_1980,LA,1980,7.1
LA_1981,LA,1981,8.8
LA_1982,LA,1982,10.8
LA_1983,LA,1983,10.9
LA_1984,LA,1984,10.5
LA_1985,LA,1985,11.9
LA_1986,LA,1986,13.1
LA_1987,LA,1987,11.8
LA_1988,LA,1988,10.4
LA_1989,LA,1989,6.6
LA_1990,LA,1990,6.7
LA_1991,LA,1991,7.3
LA_1992,LA,1992,8.1
LA_1993,LA,1993,7.8
LA_1994,LA,1994,7.6
LA_1995,LA,1995,6.7
LA_1996,LA,1996,6.4
LA_1997,LA,1997,5.7
LA_1998,LA,1998,5.7
LA_1999,LA,1999,5.1
LA_2000,LA,2000,5.6
LA_2001,LA,2001,6
LA_2002,LA,2002,6.2
LA_2003,LA,2003,6.2
LA_2004,LA,2004,5.9
LA_2005,LA,2005,11.2
LA_2006,LA,2006,4.3
LA_2007,LA,2007,4.1
LA_2008,LA,2008,5.6
LA_2009,LA,2009,7.2
LA_2010,LA,2010,8.3
LA_2011,LA,2011,7.6
LA_2012,LA,2012,6.7
LA_2013,LA,2013,6.2
LA_2014,LA,2014,7
LA_2015,LA,2015,6
LA_2016,LA,2016,6
LA_2017,LA,2017,4.7
ME_1976,ME,1976,8.7
ME_1977,ME,1977,7.7
ME_1978,ME,1978,6.3
ME_1979,ME,1979,6.9
ME_1980,ME,1980,8
ME_1981,ME,1981,7.4
ME_1982,ME,1982,8.5
ME_1983,ME,1983,7.7
ME_1984,ME,1984,5.8
ME_1985,ME,1985,5.4
ME_1986,ME,1986,5.2
ME_1987,ME,1987,4.2
ME_1988,ME,1988,3.7
ME_1989,ME,1989,4.5
ME_1990,ME,1990,6.2
ME_1991,ME,1991,7.1
ME_1992,ME,1992,7.1
ME_1993,ME,1993,7.4
ME_1994,ME,1994,6.7
ME_1995,ME,1995,5.7
ME_1996,ME,1996,4.9
ME_1997,ME,1997,4.9
ME_1998,ME,1998,4.4
ME_1999,ME,1999,3.8
ME_2000,ME,2000,3.3
ME_2001,ME,2001,4.1
ME_2002,ME,2002,4.5
ME_2003,ME,2003,5
ME_2004,ME,2004,4.7
ME_2005,ME,2005,4.8
ME_2006,ME,2006,4.7
ME_2007,ME,2007,4.9
ME_2008,ME,2008,6.2
ME_2009,ME,2009,8.2
ME_2010,ME,2010,8.1
ME_2011,ME,2011,7.7
ME_2012,ME,2012,7.3
ME_2013,ME,2013,6.3
ME_2014,ME,2014,5.3
ME_2015,ME,2015,4
ME_2016,ME,2016,3.7
ME_2017,ME,2017,3.2
MD_1976,MD,1976,6.8
MD_1977,MD,1977,6.1
MD_1978,MD,1978,5.5
MD_1979,MD,1979,5.7
MD_1980,MD,1980,6.8
MD_1981,MD,1981,7.7
MD_1982,MD,1982,8.2
MD_1983,MD,1983,6.3
MD_1984,MD,1984,5.2
MD_1985,MD,1985,4.3
MD_1986,MD,1986,4.7
MD_1987,MD,1987,4.3
MD_1988,MD,1988,4.1
MD_1989,MD,1989,3.8
MD_1990,MD,1990,5.2
MD_1991,MD,1991,6.3
MD_1992,MD,1992,6.6
MD_1993,MD,1993,6
MD_1994,MD,1994,5
MD_1995,MD,1995,5.1
MD_1996,MD,1996,4.9
MD_1997,MD,1997,4.9
MD_1998,MD,1998,4.1
MD_1999,MD,1999,3.4
MD_2000,MD,2000,3.6
MD_2001,MD,2001,4.5
MD_2002,MD,2002,4.3
MD_2003,MD,2003,4.4
MD_2004,MD,2004,4.2
MD_2005,MD,2005,4
MD_2006,MD,2006,3.9
MD_2007,MD,2007,3.4
MD_2008,MD,2008,5
MD_2009,MD,2009,7.4
MD_2010,MD,2010,7.6
MD_2011,MD,2011,7.2
MD_2012,MD,2012,6.9
MD_2013,MD,2013,6.3
MD_2014,MD,2014,5.6
MD_2015,MD,2015,4.8
MD_2016,MD,2016,4.4
MD_2017,MD,2017,4
MA_1976,MA,1976,8.9
MA_1977,MA,1977,7.2
MA_1978,MA,1978,6
MA_1979,MA,1979,5.3
MA_1980,MA,1980,5.7
MA_1981,MA,1981,7
MA_1982,MA,1982,7.7
MA_1983,MA,1983,6.2
MA_1984,MA,1984,4.3
MA_1985,MA,1985,3.9
MA_1986,MA,1986,3.9
MA_1987,MA,1987,3
MA_1988,MA,1988,3.4
MA_1989,MA,1989,4.6
MA_1990,MA,1990,7.1
MA_1991,MA,1991,8.8
MA_1992,MA,1992,8.3
MA_1993,MA,1993,6.6
MA_1994,MA,1994,5.8
MA_1995,MA,1995,5.1
MA_1996,MA,1996,4.2
MA_1997,MA,1997,3.7
MA_1998,MA,1998,3.2
MA_1999,MA,1999,3.2
MA_2000,MA,2000,2.6
MA_2001,MA,2001,4.2
MA_2002,MA,2002,5.5
MA_2003,MA,2003,5.7
MA_2004,MA,2004,4.9
MA_2005,MA,2005,4.9
MA_2006,MA,2006,4.9
MA_2007,MA,2007,4.5
MA_2008,MA,2008,6.2
MA_2009,MA,2009,8.7
MA_2010,MA,2010,8
MA_2011,MA,2011,6.9
MA_2012,MA,2012,6.7
MA_2013,MA,2013,6.5
MA_2014,MA,2014,5.5
MA_2015,MA,2015,4.6
MA_2016,MA,2016,3.7
MA_2017,MA,2017,3.5
MI_1976,MI,1976,9
MI_1977,MI,1977,7.9
MI_1978,MI,1978,7
MI_1979,MI,1979,8.5
MI_1980,MI,1980,12.9
MI_1981,MI,1981,12.9
MI_1982,MI,1982,16.2
MI_1983,MI,1983,13
MI_1984,MI,1984,10.9
MI_1985,MI,1985,9.5
MI_1986,MI,1986,8.6
MI_1987,MI,1987,8.2
MI_1988,MI,1988,7.2
MI_1989,MI,1989,7.7
MI_1990,MI,1990,7.8
MI_1991,MI,1991,9.1
MI_1992,MI,1992,8.5
MI_1993,MI,1993,7.2
MI_1994,MI,1994,5.4
MI_1995,MI,1995,5
MI_1996,MI,1996,4.8
MI_1997,MI,1997,4.1
MI_1998,MI,1998,4
MI_1999,MI,1999,3.6
MI_2000,MI,2000,3.9
MI_2001,MI,2001,5.8
MI_2002,MI,2002,6.1
MI_2003,MI,2003,7.2
MI_2004,MI,2004,7.2
MI_2005,MI,2005,6.6
MI_2006,MI,2006,7.1
MI_2007,MI,2007,7.3
MI_2008,MI,2008,8.8
MI_2009,MI,2009,14.1
MI_2010,MI,2010,11.8
MI_2011,MI,2011,10
MI_2012,MI,2012,9
MI_2013,MI,2013,8.6
MI_2014,MI,2014,6.6
MI_2015,MI,2015,5
MI_2016,MI,2016,5.1
MI_2017,MI,2017,4.7
MN_1976,MN,1976,5.8
MN_1977,MN,1977,4.8
MN_1978,MN,1978,3.8
MN_1979,MN,1979,4.5
MN_1980,MN,1980,5.9
MN_1981,MN,1981,6
MN_1982,MN,1982,8.8
MN_1983,MN,1983,7.3
MN_1984,MN,1984,5.9
MN_1985,MN,1985,6.1
MN_1986,MN,1986,5.2
MN_1987,MN,1987,4.9
MN_1988,MN,1988,4.3
MN_1989,MN,1989,4.4
MN_1990,MN,1990,5
MN_1991,MN,1991,5.1
MN_1992,MN,1992,5.1
MN_1993,MN,1993,4.7
MN_1994,MN,1994,3.9
MN_1995,MN,1995,3.7
MN_1996,MN,1996,3.8
MN_1997,MN,1997,3.1
MN_1998,MN,1998,2.7
MN_1999,MN,1999,2.9
MN_2000,MN,2000,3.3
MN_2001,MN,2001,4.1
MN_2002,MN,2002,4.4
MN_2003,MN,2003,5
MN_2004,MN,2004,4.5
MN_2005,MN,2005,4
MN_2006,MN,2006,4.1
MN_2007,MN,2007,4.7
MN_2008,MN,2008,6
MN_2009,MN,2009,7.8
MN_2010,MN,2010,7.3
MN_2011,MN,2011,6.1
MN_2012,MN,2012,5.5
MN_2013,MN,2013,4.7
MN_2014,MN,2014,3.9
MN_2015,MN,2015,3.6
MN_2016,MN,2016,4
MN_2017,MN,2017,3.3
MS_1976,MS,1976,6.6
MS_1977,MS,1977,7.4
MS_1978,MS,1978,6.7
MS_1979,MS,1979,6
MS_1980,MS,1980,8.1
MS_1981,MS,1981,8.9
MS_1982,MS,1982,11.8
MS_1983,MS,1983,11.2
MS_1984,MS,1984,10.6
MS_1985,MS,1985,10.4
MS_1986,MS,1986,11.5
MS_1987,MS,1987,9.4
MS_1988,MS,1988,8.7
MS_1989,MS,1989,7.6
MS_1990,MS,1990,7.9
MS_1991,MS,1991,8.1
MS_1992,MS,1992,7.8
MS_1993,MS,1993,6.3
MS_1994,MS,1994,6.1
MS_1995,MS,1995,6.4
MS_1996,MS,1996,5.8
MS_1997,MS,1997,5.7
MS_1998,MS,1998,5.2
MS_1999,MS,1999,5.3
MS_2000,MS,2000,5.1
MS_2001,MS,2001,6.1
MS_2002,MS,2002,6.5
MS_2003,MS,2003,5.9
MS_2004,MS,2004,6.6
MS_2005,MS,2005,9.1
MS_2006,MS,2006,6.3
MS_2007,MS,2007,5.9
MS_2008,MS,2008,7.1
MS_2009,MS,2009,10.2
MS_2010,MS,2010,10.1
MS_2011,MS,2011,9.8
MS_2012,MS,2012,8.9
MS_2013,MS,2013,8.2
MS_2014,MS,2014,7.1
MS_2015,MS,2015,6.2
MS_2016,MS,2016,5.6
MS_2017,MS,2017,4.8
MO_1976,MO,1976,6.5
MO_1977,MO,1977,5.8
MO_1978,MO,1978,4.5
MO_1979,MO,1979,5.4
MO_1980,MO,1980,7.7
MO_1981,MO,1981,8
MO_1982,MO,1982,9.9
MO_1983,MO,1983,9.1
MO_1984,MO,1984,6.6
MO_1985,MO,1985,6.2
MO_1986,MO,1986,6.3
MO_1987,MO,1987,5.9
MO_1988,MO,1988,5.9
MO_1989,MO,1989,5.6
MO_1990,MO,1990,6.4
MO_1991,MO,1991,6.2
MO_1992,MO,1992,6.1
MO_1993,MO,1993,6
MO_1994,MO,1994,4.9
MO_1995,MO,1995,4.5
MO_1996,MO,1996,4.8
MO_1997,MO,1997,4.4
MO_1998,MO,1998,3.8
MO_1999,MO,1999,3.1
MO_2000,MO,2000,4
MO_2001,MO,2001,4.9
MO_2002,MO,2002,5.3
MO_2003,MO,2003,5.6
MO_2004,MO,2004,6
MO_2005,MO,2005,5
MO_2006,MO,2006,4.9
MO_2007,MO,2007,5.4
MO_2008,MO,2008,6.9
MO_2009,MO,2009,9.7
MO_2010,MO,2010,9.5
MO_2011,MO,2011,8
MO_2012,MO,2012,6.8
MO_2013,MO,2013,6.6
MO_2014,MO,2014,5.7
MO_2015,MO,2015,4.5
MO_2016,MO,2016,4.7
MO_2017,MO,2017,3.6
MT_1976,MT,1976,6
MT_1977,MT,1977,6.5
MT_1978,MT,1978,5.3
MT_1979,MT,1979,5.2
MT_1980,MT,1980,6.4
MT_1981,MT,1981,7.3
MT_1982,MT,1982,8.7
MT_1983,MT,1983,8.4
MT_1984,MT,1984,7.4
MT_1985,MT,1985,7.8
MT_1986,MT,1986,7.9
MT_1987,MT,1987,7.4
MT_1988,MT,1988,6.2
MT_1989,MT,1989,5.7
MT_1990,MT,1990,6.4
MT_1991,MT,1991,6.9
MT_1992,MT,1992,6.6
MT_1993,MT,1993,5.8
MT_1994,MT,1994,5.3
MT_1995,MT,1995,5.7
MT_1996,MT,1996,5.1
MT_1997,MT,1997,5.4
MT_1998,MT,1998,5.6
MT_1999,MT,1999,5.1
MT_2000,MT,2000,4.9
MT_2001,MT,2001,4.5
MT_2002,MT,2002,4.3
MT_2003,MT,2003,4.8
MT_2004,MT,2004,4.7
MT_2005,MT,2005,4.1
MT_2006,MT,2006,3.3
MT_2007,MT,2007,4.1
MT_2008,MT,2008,5.7
MT_2009,MT,2009,6.9
MT_2010,MT,2010,7.3
MT_2011,MT,2011,6.6
MT_2012,MT,2012,5.8
MT_2013,MT,2013,5.3
MT_2014,MT,2014,4.5
MT_2015,MT,2015,4.2
MT_2016,MT,2016,4
MT_2017,MT,2017,4.1
NE_1976,NE,1976,3.2
NE_1977,NE,1977,3.7
NE_1978,NE,1978,2.8
NE_1979,NE,1979,3.2
NE_1980,NE,1980,4.3
NE_1981,NE,1981,4.6
NE_1982,NE,1982,6
NE_1983,NE,1983,5
NE_1984,NE,1984,4.4
NE_1985,NE,1985,5.3
NE_1986,NE,1986,4.9
NE_1987,NE,1987,4.2
NE_1988,NE,1988,3.4
NE_1989,NE,1989,2.8
NE_1990,NE,1990,2.3
NE_1991,NE,1991,2.8
NE_1992,NE,1992,2.9
NE_1993,NE,1993,2.6
NE_1994,NE,1994,2.6
NE_1995,NE,1995,2.7
NE_1996,NE,1996,2.7
NE_1997,NE,1997,2.4
NE_1998,NE,1998,2.7
NE_1999,NE,1999,2.8
NE_2000,NE,2000,2.9
NE_2001,NE,2001,3.3
NE_2002,NE,2002,3.6
NE_2003,NE,2003,3.9
NE_2004,NE,2004,3.9
NE_2005,NE,2005,3.7
NE_2006,NE,2006,3.1
NE_2007,NE,2007,3.1
NE_2008,NE,2008,3.6
NE_2009,NE,2009,4.8
NE_2010,NE,2010,4.5
NE_2011,NE,2011,4.3
NE_2012,NE,2012,4
NE_2013,NE,2013,3.6
NE_2014,NE,2014,3.1
NE_2015,NE,2015,3.1
NE_2016,NE,2016,3.1
NE_2017,NE,2017,2.9
NV_1976,NV,1976,8.7
NV_1977,NV,1977,5.6
NV_1978,NV,1978,4.6
NV_1979,NV,1979,4.9
NV_1980,NV,1980,6.8
NV_1981,NV,1981,7.5
NV_1982,NV,1982,10.6
NV_1983,NV,1983,8.6
NV_1984,NV,1984,8
NV_1985,NV,1985,7.4
NV_1986,NV,1986,5.9
NV_1987,NV,1987,6.1
NV_1988,NV,1988,5
NV_1989,NV,1989,4.7
NV_1990,NV,1990,5
NV_1991,NV,1991,6
NV_1992,NV,1992,6.7
NV_1993,NV,1993,6.7
NV_1994,NV,1994,6
NV_1995,NV,1995,5.4
NV_1996,NV,1996,4.9
NV_1997,NV,1997,4.3
NV_1998,NV,1998,3.9
NV_1999,NV,1999,4
NV_2000,NV,2000,4.4
NV_2001,NV,2001,5.7
NV_2002,NV,2002,5.3
NV_2003,NV,2003,4.9
NV_2004,NV,2004,4.1
NV_2005,NV,2005,4.1
NV_2006,NV,2006,4.1
NV_2007,NV,2007,4.8
NV_2008,NV,2008,7.9
NV_2009,NV,2009,12.2
NV_2010,NV,2010,13.7
NV_2011,NV,2011,12.7
NV_2012,NV,2012,10.7
NV_2013,NV,2013,9.1
NV_2014,NV,2014,7.5
NV_2015,NV,2015,6.5
NV_2016,NV,2016,5.5
NV_2017,NV,2017,4.9
NH_1976,NH,1976,6.3
NH_1977,NH,1977,4.8
NH_1978,NH,1978,3.5
NH_1979,NH,1979,3.4
NH_1980,NH,1980,4.9
NH_1981,NH,1981,5.5
NH_1982,NH,1982,6.9
NH_1983,NH,1983,4.8
NH_1984,NH,1984,4.3
NH_1985,NH,1985,3.3
NH_1986,NH,1986,2.5
NH_1987,NH,1987,2.5
NH_1988,NH,1988,2.6
NH_1989,NH,1989,4.1
NH_1990,NH,1990,6.1
NH_1991,NH,1991,7.4
NH_1992,NH,1992,7.2
NH_1993,NH,1993,5.8
NH_1994,NH,1994,4.4
NH_1995,NH,1995,3.8
NH_1996,NH,1996,3.7
NH_1997,NH,1997,3.1
NH_1998,NH,1998,2.8
NH_1999,NH,1999,2.7
NH_2000,NH,2000,2.6
NH_2001,NH,2001,4
NH_2002,NH,2002,4.5
NH_2003,NH,2003,4.3
NH_2004,NH,2004,3.6
NH_2005,NH,2005,3.6
NH_2006,NH,2006,3.6
NH_2007,NH,2007,3.5
NH_2008,NH,2008,4.2
NH_2009,NH,2009,6.4
NH_2010,NH,2010,5.6
NH_2011,NH,2011,5.5
NH_2012,NH,2012,5.5
NH_2013,NH,2013,4.9
NH_2014,NH,2014,4
NH_2015,NH,2015,3.1
NH_2016,NH,2016,2.8
NH_2017,NH,2017,2.6
NJ_1976,NJ,1976,10.6
NJ_1977,NJ,1977,8.5
NJ_1978,NJ,1978,7
NJ_1979,NJ,1979,6.9
NJ_1980,NJ,1980,7.6
NJ_1981,NJ,1981,7.4
NJ_1982,NJ,1982,8.9
NJ_1983,NJ,1983,7.3
NJ_1984,NJ,1984,5.9
NJ_1985,NJ,1985,5.5
NJ_1986,NJ,1986,4.6
NJ_1987,NJ,1987,4
NJ_1988,NJ,1988,3.9
NJ_1989,NJ,1989,4.5
NJ_1990,NJ,1990,5.6
NJ_1991,NJ,1991,7
NJ_1992,NJ,1992,8.6
NJ_1993,NJ,1993,7.2
NJ_1994,NJ,1994,6.6
NJ_1995,NJ,1995,6.4
NJ_1996,NJ,1996,6
NJ_1997,NJ,1997,5
NJ_1998,NJ,1998,4.3
NJ_1999,NJ,1999,4.3
NJ_2000,NJ,2000,3.8
NJ_2001,NJ,2001,4.9
NJ_2002,NJ,2002,5.8
NJ_2003,NJ,2003,5.7
NJ_2004,NJ,2004,4.5
NJ_2005,NJ,2005,4.7
NJ_2006,NJ,2006,4.5
NJ_2007,NJ,2007,4.4
NJ_2008,NJ,2008,6
NJ_2009,NJ,2009,9.7
NJ_2010,NJ,2010,9.5
NJ_2011,NJ,2011,9.3
NJ_2012,NJ,2012,9.3
NJ_2013,NJ,2013,7.7
NJ_2014,NJ,2014,6.6
NJ_2015,NJ,2015,5.2
NJ_2016,NJ,2016,4.9
NJ_2017,NJ,2017,4.7
NM_1976,NM,1976,8.9
NM_1977,NM,1977,6.8
NM_1978,NM,1978,6
NM_1979,NM,1979,6.5
NM_1980,NM,1980,8
NM_1981,NM,1981,7.1
NM_1982,NM,1982,10
NM_1983,NM,1983,8.9
NM_1984,NM,1984,8.1
NM_1985,NM,1985,8.3
NM_1986,NM,1986,9.5
NM_1987,NM,1987,8.4
NM_1988,NM,1988,7
NM_1989,NM,1989,6.8
NM_1990,NM,1990,6.7
NM_1991,NM,1991,7.2
NM_1992,NM,1992,7
NM_1993,NM,1993,6.9
NM_1994,NM,1994,6.4
NM_1995,NM,1995,6.9
NM_1996,NM,1996,7.1
NM_1997,NM,1997,6
NM_1998,NM,1998,6
NM_1999,NM,1999,5.3
NM_2000,NM,2000,4.9
NM_2001,NM,2001,5
NM_2002,NM,2002,5.6
NM_2003,NM,2003,5.9
NM_2004,NM,2004,5.4
NM_2005,NM,2005,4.8
NM_2006,NM,2006,4.1
NM_2007,NM,2007,3.8
NM_2008,NM,2008,5
NM_2009,NM,2009,7.8
NM_2010,NM,2010,8
NM_2011,NM,2011,7.6
NM_2012,NM,2012,7.1
NM_2013,NM,2013,7
NM_2014,NM,2014,6.5
NM_2015,NM,2015,6.5
NM_2016,NM,2016,6.7
NM_2017,NM,2017,6
NY_1976,NY,1976,10.2
NY_1977,NY,1977,8.6
NY_1978,NY,1978,7.5
NY_1979,NY,1979,7.3
NY_1980,NY,1980,7.5
NY_1981,NY,1981,7.5
NY_1982,NY,1982,8.9
NY_1983,NY,1983,8.1
NY_1984,NY,1984,7.1
NY_1985,NY,1985,6.4
NY_1986,NY,1986,5.8
NY_1987,NY,1987,4.7
NY_1988,NY,1988,4.6
NY_1989,NY,1989,5.2
NY_1990,NY,1990,5.6
NY_1991,NY,1991,7.6
NY_1992,NY,1992,8.7
NY_1993,NY,1993,7.8
NY_1994,NY,1994,6.5
NY_1995,NY,1995,6.4
NY_1996,NY,1996,6.1
NY_1997,NY,1997,6.3
NY_1998,NY,1998,5.5
NY_1999,NY,1999,5
NY_2000,NY,2000,4.4
NY_2001,NY,2001,5.5
NY_2002,NY,2002,6.1
NY_2003,NY,2003,6.4
NY_2004,NY,2004,5.4
NY_2005,NY,2005,5
NY_2006,NY,2006,4.3
NY_2007,NY,2007,4.8
NY_2008,NY,2008,6
NY_2009,NY,2009,8.8
NY_2010,NY,2010,8.5
NY_2011,NY,2011,8.5
NY_2012,NY,2012,8.3
NY_2013,NY,2013,7.4
NY_2014,NY,2014,6
NY_2015,NY,2015,4.9
NY_2016,NY,2016,4.9
NY_2017,NY,2017,4.7
NC_1976,NC,1976,6.2
NC_1977,NC,1977,5.7
NC_1978,NC,1978,4.3
NC_1979,NC,1979,4.9
NC_1980,NC,1980,6.7
NC_1981,NC,1981,7.4
NC_1982,NC,1982,9.7
NC_1983,NC,1983,8
NC_1984,NC,1984,6.9
NC_1985,NC,1985,5
NC_1986,NC,1986,5.3
NC_1987,NC,1987,4.3
NC_1988,NC,1988,3.6
NC_1989,NC,1989,3.5
NC_1990,NC,1990,4.7
NC_1991,NC,1991,5.9
NC_1992,NC,1992,6
NC_1993,NC,1993,4.5
NC_1994,NC,1994,4.3
NC_1995,NC,1995,4.5
NC_1996,NC,1996,4.1
NC_1997,NC,1997,3.7
NC_1998,NC,1998,3.3
NC_1999,NC,1999,3.4
NC_2000,NC,2000,4
NC_2001,NC,2001,6.3
NC_2002,NC,2002,6.4
NC_2003,NC,2003,6.2
NC_2004,NC,2004,5.2
NC_2005,NC,2005,5.1
NC_2006,NC,2006,4.9
NC_2007,NC,2007,4.9
NC_2008,NC,2008,6.5
NC_2009,NC,2009,10.9
NC_2010,NC,2010,10.4
NC_2011,NC,2011,10.2
NC_2012,NC,2012,9.1
NC_2013,NC,2013,7.3
NC_2014,NC,2014,6
NC_2015,NC,2015,5.5
NC_2016,NC,2016,5.1
NC_2017,NC,2017,4.5
ND_1976,ND,1976,4
ND_1977,ND,1977,4.6
ND_1978,ND,1978,4.3
ND_1979,ND,1979,3.8
ND_1980,ND,1980,5.3
ND_1981,ND,1981,4.7
ND_1982,ND,1982,6
ND_1983,ND,1983,5.2
ND_1984,ND,1984,5.4
ND_1985,ND,1985,5.7
ND_1986,ND,1986,5.6
ND_1987,ND,1987,4.9
ND_1988,ND,1988,4.6
ND_1989,ND,1989,4.2
ND_1990,ND,1990,4
ND_1991,ND,1991,4.4
ND_1992,ND,1992,4.7
ND_1993,ND,1993,4.2
ND_1994,ND,1994,3.6
ND_1995,ND,1995,3.1
ND_1996,ND,1996,2.8
ND_1997,ND,1997,2.5
ND_1998,ND,1998,3.2
ND_1999,ND,1999,3.2
ND_2000,ND,2000,3
ND_2001,ND,2001,3.1
ND_2002,ND,2002,3.8
ND_2003,ND,2003,3.6
ND_2004,ND,2004,3.4
ND_2005,ND,2005,3.3
ND_2006,ND,2006,3.2
ND_2007,ND,2007,3.1
ND_2008,ND,2008,3.4
ND_2009,ND,2009,4
ND_2010,ND,2010,3.7
ND_2011,ND,2011,3.4
ND_2012,ND,2012,3.1
ND_2013,ND,2013,2.8
ND_2014,ND,2014,2.7
ND_2015,ND,2015,2.9
ND_2016,ND,2016,2.9
ND_2017,ND,2017,2.6
OH_1976,OH,1976,7.5
OH_1977,OH,1977,6
OH_1978,OH,1978,5.4
OH_1979,OH,1979,6
OH_1980,OH,1980,9.2
OH_1981,OH,1981,10.1
OH_1982,OH,1982,13.6
OH_1983,OH,1983,11.1
OH_1984,OH,1984,9.1
OH_1985,OH,1985,8.9
OH_1986,OH,1986,8.2
OH_1987,OH,1987,6.4
OH_1988,OH,1988,5.8
OH_1989,OH,1989,6
OH_1990,OH,1990,5.7
OH_1991,OH,1991,6.3
OH_1992,OH,1992,7.4
OH_1993,OH,1993,6.4
OH_1994,OH,1994,4.9
OH_1995,OH,1995,5.1
OH_1996,OH,1996,4.9
OH_1997,OH,1997,4.5
OH_1998,OH,1998,4.4
OH_1999,OH,1999,4.3
OH_2000,OH,2000,3.9
OH_2001,OH,2001,4.9
OH_2002,OH,2002,5.7
OH_2003,OH,2003,6.1
OH_2004,OH,2004,6.4
OH_2005,OH,2005,5.8
OH_2006,OH,2006,5.5
OH_2007,OH,2007,5.7
OH_2008,OH,2008,7.2
OH_2009,OH,2009,10.8
OH_2010,OH,2010,9.8
OH_2011,OH,2011,8.5
OH_2012,OH,2012,7.3
OH_2013,OH,2013,7.3
OH_2014,OH,2014,5.4
OH_2015,OH,2015,4.7
OH_2016,OH,2016,5.2
OH_2017,OH,2017,4.9
OK_1976,OK,1976,5.5
OK_1977,OK,1977,4.4
OK_1978,OK,1978,3.3
OK_1979,OK,1979,3.3
OK_1980,OK,1980,5
OK_1981,OK,1981,3.9
OK_1982,OK,1982,7.3
OK_1983,OK,1983,7.9
OK_1984,OK,1984,7.1
OK_1985,OK,1985,7.1
OK_1986,OK,1986,8.4
OK_1987,OK,1987,6.9
OK_1988,OK,1988,6.3
OK_1989,OK,1989,5.5
OK_1990,OK,1990,6
OK_1991,OK,1991,6.3
OK_1992,OK,1992,5.7
OK_1993,OK,1993,5.9
OK_1994,OK,1994,5.2
OK_1995,OK,1995,4.5
OK_1996,OK,1996,4
OK_1997,OK,1997,4
OK_1998,OK,1998,4.3
OK_1999,OK,1999,3.3
OK_2000,OK,2000,2.9
OK_2001,OK,2001,4.2
OK_2002,OK,2002,4.8
OK_2003,OK,2003,5.4
OK_2004,OK,2004,4.7
OK_2005,OK,2005,4.3
OK_2006,OK,2006,4.1
OK_2007,OK,2007,3.9
OK_2008,OK,2008,4.1
OK_2009,OK,2009,6.9
OK_2010,OK,2010,6.6
OK_2011,OK,2011,5.8
OK_2012,OK,2012,5.2
OK_2013,OK,2013,5.2
OK_2014,OK,2014,4.2
OK_2015,OK,2015,4.5
OK_2016,OK,2016,4.9
OK_2017,OK,2017,4.1
OR_1976,OR,1976,9.2
OR_1977,OR,1977,6.4
OR_1978,OR,1978,6.6
OR_1979,OR,1979,6.5
OR_1980,OR,1980,8.9
OR_1981,OR,1981,10.4
OR_1982,OR,1982,11.8
OR_1983,OR,1983,10.4
OR_1984,OR,1984,9.3
OR_1985,OR,1985,8.4
OR_1986,OR,1986,7.3
OR_1987,OR,1987,6.2
OR_1988,OR,1988,5.6
OR_1989,OR,1989,5.4
OR_1990,OR,1990,5.8
OR_1991,OR,1991,6.8
OR_1992,OR,1992,7.3
OR_1993,OR,1993,6.7
OR_1994,OR,1994,5
OR_1995,OR,1995,5
OR_1996,OR,1996,5.8
OR_1997,OR,1997,5.5
OR_1998,OR,1998,5.9
OR_1999,OR,1999,5.3
OR_2000,OR,2000,5.1
OR_2001,OR,2001,7.3
OR_2002,OR,2002,7.3
OR_2003,OR,2003,8
OR_2004,OR,2004,7
OR_2005,OR,2005,6
OR_2006,OR,2006,5.3
OR_2007,OR,2007,5.4
OR_2008,OR,2008,7.9
OR_2009,OR,2009,11
OR_2010,OR,2010,10.4
OR_2011,OR,2011,9.4
OR_2012,OR,2012,8.7
OR_2013,OR,2013,7.5
OR_2014,OR,2014,6.4
OR_2015,OR,2015,5.3
OR_2016,OR,2016,4.6
OR_2017,OR,2017,4.2
PA_1976,PA,1976,7.8
PA_1977,PA,1977,7.5
PA_1978,PA,1978,6.8
PA_1979,PA,1979,7
PA_1980,PA,1980,8.3
PA_1981,PA,1981,8.8
PA_1982,PA,1982,12.1
PA_1983,PA,1983,10.5
PA_1984,PA,1984,8.8
PA_1985,PA,1985,7.7
PA_1986,PA,1986,6.4
PA_1987,PA,1987,5.5
PA_1988,PA,1988,4.9
PA_1989,PA,1989,4.9
PA_1990,PA,1990,5.9
PA_1991,PA,1991,7.2
PA_1992,PA,1992,7.5
PA_1993,PA,1993,6.8
PA_1994,PA,1994,6
PA_1995,PA,1995,5.9
PA_1996,PA,1996,5.1
PA_1997,PA,1997,4.9
PA_1998,PA,1998,4.6
PA_1999,PA,1999,4.4
PA_2000,PA,2000,4.2
PA_2001,PA,2001,5.2
PA_2002,PA,2002,5.6
PA_2003,PA,2003,5.5
PA_2004,PA,2004,5.3
PA_2005,PA,2005,4.9
PA_2006,PA,2006,4.5
PA_2007,PA,2007,4.6
PA_2008,PA,2008,5.9
PA_2009,PA,2009,8.4
PA_2010,PA,2010,8.2
PA_2011,PA,2011,8
PA_2012,PA,2012,7.9
PA_2013,PA,2013,7
PA_2014,PA,2014,5.5
PA_2015,PA,2015,5.2
PA_2016,PA,2016,5.5
PA_2017,PA,2017,4.8
RI_1976,RI,1976,8.4
RI_1977,RI,1977,7.6
RI_1978,RI,1978,6.2
RI_1979,RI,1979,6.5
RI_1980,RI,1980,7.4
RI_1981,RI,1981,8.3
RI_1982,RI,1982,10
RI_1983,RI,1983,7.4
RI_1984,RI,1984,5
RI_1985,RI,1985,4.3
RI_1986,RI,1986,4
RI_1987,RI,1987,3.4
RI_1988,RI,1988,3.2
RI_1989,RI,1989,4.8
RI_1990,RI,1990,7
RI_1991,RI,1991,8.8
RI_1992,RI,1992,8.7
RI_1993,RI,1993,7.6
RI_1994,RI,1994,6.6
RI_1995,RI,1995,6
RI_1996,RI,1996,5.3
RI_1997,RI,1997,5
RI_1998,RI,1998,4.4
RI_1999,RI,1999,4.1
RI_2000,RI,2000,4.1
RI_2001,RI,2001,4.8
RI_2002,RI,2002,5.1
RI_2003,RI,2003,5.3
RI_2004,RI,2004,5
RI_2005,RI,2005,5.1
RI_2006,RI,2006,4.8
RI_2007,RI,2007,5.6
RI_2008,RI,2008,8.9
RI_2009,RI,2009,11.1
RI_2010,RI,2010,11.2
RI_2011,RI,2011,11.2
RI_2012,RI,2012,9.9
RI_2013,RI,2013,9.2
RI_2014,RI,2014,7
RI_2015,RI,2015,5.6
RI_2016,RI,2016,5
RI_2017,RI,2017,4.5
SC_1976,SC,1976,7
SC_1977,SC,1977,6.5
SC_1978,SC,1978,5.5
SC_1979,SC,1979,5.1
SC_1980,SC,1980,7.3
SC_1981,SC,1981,8.9
SC_1982,SC,1982,11.6
SC_1983,SC,1983,8.5
SC_1984,SC,1984,6.8
SC_1985,SC,1985,7.1
SC_1986,SC,1986,6.1
SC_1987,SC,1987,5.1
SC_1988,SC,1988,4.5
SC_1989,SC,1989,5
SC_1990,SC,1990,5.1
SC_1991,SC,1991,6.4
SC_1992,SC,1992,6.7
SC_1993,SC,1993,7.1
SC_1994,SC,1994,5.7
SC_1995,SC,1995,5.4
SC_1996,SC,1996,5.9
SC_1997,SC,1997,3.9
SC_1998,SC,1998,4
SC_1999,SC,1999,4.4
SC_2000,SC,2000,3.7
SC_2001,SC,2001,5.8
SC_2002,SC,2002,5.9
SC_2003,SC,2003,7
SC_2004,SC,2004,6.8
SC_2005,SC,2005,6.8
SC_2006,SC,2006,6.4
SC_2007,SC,2007,5.6
SC_2008,SC,2008,8
SC_2009,SC,2009,11.6
SC_2010,SC,2010,10.9
SC_2011,SC,2011,10.4
SC_2012,SC,2012,8.7
SC_2013,SC,2013,7
SC_2014,SC,2014,6.7
SC_2015,SC,2015,5.6
SC_2016,SC,2016,4.7
SC_2017,SC,2017,4.2
SD_1976,SD,1976,3.4
SD_1977,SD,1977,3.1
SD_1978,SD,1978,3.2
SD_1979,SD,1979,3.4
SD_1980,SD,1980,5.2
SD_1981,SD,1981,4.9
SD_1982,SD,1982,5.9
SD_1983,SD,1983,4.7
SD_1984,SD,1984,4.5
SD_1985,SD,1985,4.8
SD_1986,SD,1986,4.5
SD_1987,SD,1987,4.1
SD_1988,SD,1988,4
SD_1989,SD,1989,4
SD_1990,SD,1990,3.7
SD_1991,SD,1991,3.4
SD_1992,SD,1992,3.3
SD_1993,SD,1993,3.3
SD_1994,SD,1994,3.3
SD_1995,SD,1995,3.1
SD_1996,SD,1996,3.1
SD_1997,SD,1997,2.9
SD_1998,SD,1998,2.7
SD_1999,SD,1999,2.7
SD_2000,SD,2000,2.5
SD_2001,SD,2001,3.3
SD_2002,SD,2002,3.1
SD_2003,SD,2003,3.6
SD_2004,SD,2004,3.8
SD_2005,SD,2005,3.6
SD_2006,SD,2006,3.2
SD_2007,SD,2007,2.8
SD_2008,SD,2008,3.5
SD_2009,SD,2009,5
SD_2010,SD,2010,4.9
SD_2011,SD,2011,4.5
SD_2012,SD,2012,4.2
SD_2013,SD,2013,3.7
SD_2014,SD,2014,3.3
SD_2015,SD,2015,3
SD_2016,SD,2016,3.1
SD_2017,SD,2017,3.4
TN_1976,TN,1976,6.2
TN_1977,TN,1977,6
TN_1978,TN,1978,5.9
TN_1979,TN,1979,6
TN_1980,TN,1980,8.1
TN_1981,TN,1981,9.5
TN_1982,TN,1982,12.5
TN_1983,TN,1983,10.5
TN_1984,TN,1984,8.1
TN_1985,TN,1985,7.8
TN_1986,TN,1986,7.8
TN_1987,TN,1987,6
TN_1988,TN,1988,5.9
TN_1989,TN,1989,5.2
TN_1990,TN,1990,5.7
TN_1991,TN,1991,6.8
TN_1992,TN,1992,6.4
TN_1993,TN,1993,5.3
TN_1994,TN,1994,4.7
TN_1995,TN,1995,5.3
TN_1996,TN,1996,5.3
TN_1997,TN,1997,5
TN_1998,TN,1998,4.3
TN_1999,TN,1999,3.9
TN_2000,TN,2000,3.9
TN_2001,TN,2001,5.2
TN_2002,TN,2002,4.8
TN_2003,TN,2003,5.7
TN_2004,TN,2004,5.6
TN_2005,TN,2005,5.3
TN_2006,TN,2006,5
TN_2007,TN,2007,5.2
TN_2008,TN,2008,7.5
TN_2009,TN,2009,10.6
TN_2010,TN,2010,9.4
TN_2011,TN,2011,8.6
TN_2012,TN,2012,7.7
TN_2013,TN,2013,7.4
TN_2014,TN,2014,6.5
TN_2015,TN,2015,5.2
TN_2016,TN,2016,4.8
TN_2017,TN,2017,3.3
TX_1976,TX,1976,5.6
TX_1977,TX,1977,5.2
TX_1978,TX,1978,4.7
TX_1979,TX,1979,4.3
TX_1980,TX,1980,5.3
TX_1981,TX,1981,5.4
TX_1982,TX,1982,7.8
TX_1983,TX,1983,7.4
TX_1984,TX,1984,6
TX_1985,TX,1985,7.3
TX_1986,TX,1986,9.2
TX_1987,TX,1987,8.1
TX_1988,TX,1988,7.1
TX_1989,TX,1989,6.5
TX_1990,TX,1990,6.4
TX_1991,TX,1991,7.1
TX_1992,TX,1992,7.6
TX_1993,TX,1993,7
TX_1994,TX,1994,6.1
TX_1995,TX,1995,6.2
TX_1996,TX,1996,5.5
TX_1997,TX,1997,5
TX_1998,TX,1998,4.9
TX_1999,TX,1999,4.7
TX_2000,TX,2000,4.1
TX_2001,TX,2001,5.6
TX_2002,TX,2002,6.5
TX_2003,TX,2003,6.5
TX_2004,TX,2004,5.8
TX_2005,TX,2005,5.3
TX_2006,TX,2006,4.6
TX_2007,TX,2007,4.3
TX_2008,TX,2008,5.3
TX_2009,TX,2009,8.3
TX_2010,TX,2010,8.1
TX_2011,TX,2011,7.6
TX_2012,TX,2012,6.5
TX_2013,TX,2013,6
TX_2014,TX,2014,4.8
TX_2015,TX,2015,4.4
TX_2016,TX,2016,4.8
TX_2017,TX,2017,3.9
UT_1976,UT,1976,5.4
UT_1977,UT,1977,4.8
UT_1978,UT,1978,3.6
UT_1979,UT,1979,4.6
UT_1980,UT,1980,6.8
UT_1981,UT,1981,6.7
UT_1982,UT,1982,9
UT_1983,UT,1983,7.8
UT_1984,UT,1984,6.3
UT_1985,UT,1985,5.8
UT_1986,UT,1986,6.5
UT_1987,UT,1987,5.8
UT_1988,UT,1988,4.7
UT_1989,UT,1989,4.5
UT_1990,UT,1990,4.3
UT_1991,UT,1991,4.8
UT_1992,UT,1992,4.7
UT_1993,UT,1993,3.8
UT_1994,UT,1994,3.9
UT_1995,UT,1995,3.4
UT_1996,UT,1996,3.3
UT_1997,UT,1997,3.2
UT_1998,UT,1998,3.7
UT_1999,UT,1999,3.4
UT_2000,UT,2000,3.6
UT_2001,UT,2001,4.8
UT_2002,UT,2002,5.9
UT_2003,UT,2003,5.5
UT_2004,UT,2004,4.7
UT_2005,UT,2005,3.9
UT_2006,UT,2006,2.7
UT_2007,UT,2007,2.8
UT_2008,UT,2008,3.9
UT_2009,UT,2009,7.7
UT_2010,UT,2010,7.7
UT_2011,UT,2011,6.3
UT_2012,UT,2012,5.1
UT_2013,UT,2013,4.3
UT_2014,UT,2014,3.7
UT_2015,UT,2015,3.6
UT_2016,UT,2016,3.3
UT_2017,UT,2017,3.2
VT_1976,VT,1976,7.9
VT_1977,VT,1977,6.5
VT_1978,VT,1978,5.4
VT_1979,VT,1979,5.2
VT_1980,VT,1980,6.5
VT_1981,VT,1981,5.9
VT_1982,VT,1982,7.2
VT_1983,VT,1983,5.8
VT_1984,VT,1984,4.7
VT_1985,VT,1985,4.7
VT_1986,VT,1986,4.2
VT_1987,VT,1987,3.4
VT_1988,VT,1988,3.2
VT_1989,VT,1989,4
VT_1990,VT,1990,5.5
VT_1991,VT,1991,6.2
VT_1992,VT,1992,5.8
VT_1993,VT,1993,5
VT_1994,VT,1994,4.4
VT_1995,VT,1995,4.3
VT_1996,VT,1996,4.2
VT_1997,VT,1997,3.7
VT_1998,VT,1998,3.3
VT_1999,VT,1999,2.9
VT_2000,VT,2000,2.9
VT_2001,VT,2001,3.5
VT_2002,VT,2002,4.2
VT_2003,VT,2003,4.2
VT_2004,VT,2004,3.5
VT_2005,VT,2005,3.6
VT_2006,VT,2006,3.9
VT_2007,VT,2007,4.2
VT_2008,VT,2008,5.1
VT_2009,VT,2009,6.4
VT_2010,VT,2010,6
VT_2011,VT,2011,5.4
VT_2012,VT,2012,4.8
VT_2013,VT,2013,4.3
VT_2014,VT,2014,3.9
VT_2015,VT,2015,3.5
VT_2016,VT,2016,3.2
VT_2017,VT,2017,2.9
VA_1976,VA,1976,5.8
VA_1977,VA,1977,5.3
VA_1978,VA,1978,5.2
VA_1979,VA,1979,4.6
VA_1980,VA,1980,5.3
VA_1981,VA,1981,6.4
VA_1982,VA,1982,7.8
VA_1983,VA,1983,5.7
VA_1984,VA,1984,5.2
VA_1985,VA,1985,5.4
VA_1986,VA,1986,5
VA_1987,VA,1987,3.9
VA_1988,VA,1988,4
VA_1989,VA,1989,4
VA_1990,VA,1990,5.1
VA_1991,VA,1991,6
VA_1992,VA,1992,6
VA_1993,VA,1993,5.1
VA_1994,VA,1994,4.6
VA_1995,VA,1995,4.6
VA_1996,VA,1996,4.4
VA_1997,VA,1997,3.3
VA_1998,VA,1998,2.9
VA_1999,VA,1999,2.8
VA_2000,VA,2000,2.1
VA_2001,VA,2001,3.9
VA_2002,VA,2002,4.2
VA_2003,VA,2003,4
VA_2004,VA,2004,3.7
VA_2005,VA,2005,3.5
VA_2006,VA,2006,3.1
VA_2007,VA,2007,3.2
VA_2008,VA,2008,4.4
VA_2009,VA,2009,7.1
VA_2010,VA,2010,6.9
VA_2011,VA,2011,6.6
VA_2012,VA,2012,5.9
VA_2013,VA,2013,5.6
VA_2014,VA,2014,5.1
VA_2015,VA,2015,4.1
VA_2016,VA,2016,4.2
VA_2017,VA,2017,3.6
WA_1976,WA,1976,9.1
WA_1977,WA,1977,7.7
WA_1978,WA,1978,6.9
WA_1979,WA,1979,6.6
WA_1980,WA,1980,8.5
WA_1981,WA,1981,10.3
WA_1982,WA,1982,12.2
WA_1983,WA,1983,10.6
WA_1984,WA,1984,9
WA_1985,WA,1985,8
WA_1986,WA,1986,8.1
WA_1987,WA,1987,7
WA_1988,WA,1988,6.1
WA_1989,WA,1989,5.8
WA_1990,WA,1990,5.3
WA_1991,WA,1991,6.6
WA_1992,WA,1992,7.6
WA_1993,WA,1993,7.1
WA_1994,WA,1994,6.3
WA_1995,WA,1995,6.5
WA_1996,WA,1996,5.7
WA_1997,WA,1997,4.7
WA_1998,WA,1998,5
WA_1999,WA,1999,4.9
WA_2000,WA,2000,5.3
WA_2001,WA,2001,6.8
WA_2002,WA,2002,7.3
WA_2003,WA,2003,7.3
WA_2004,WA,2004,5.9
WA_2005,WA,2005,5.4
WA_2006,WA,2006,5.1
WA_2007,WA,2007,4.8
WA_2008,WA,2008,6
WA_2009,WA,2009,10.3
WA_2010,WA,2010,9.8
WA_2011,WA,2011,9
WA_2012,WA,2012,7.7
WA_2013,WA,2013,6.8
WA_2014,WA,2014,6
WA_2015,WA,2015,5.6
WA_2016,WA,2016,5.1
WA_2017,WA,2017,4.7
WV_1976,WV,1976,6.6
WV_1977,WV,1977,6.9
WV_1978,WV,1978,6.3
WV_1979,WV,1979,7.4
WV_1980,WV,1980,10.2
WV_1981,WV,1981,10
WV_1982,WV,1982,16.8
WV_1983,WV,1983,16.9
WV_1984,WV,1984,14.5
WV_1985,WV,1985,12.3
WV_1986,WV,1986,11.5
WV_1987,WV,1987,10.6
WV_1988,WV,1988,9.4
WV_1989,WV,1989,8.3
WV_1990,WV,1990,9.3
WV_1991,WV,1991,11.2
WV_1992,WV,1992,11.2
WV_1993,WV,1993,10.1
WV_1994,WV,1994,8.1
WV_1995,WV,1995,8
WV_1996,WV,1996,7.3
WV_1997,WV,1997,6.7
WV_1998,WV,1998,6.5
WV_1999,WV,1999,6.3
WV_2000,WV,2000,5.5
WV_2001,WV,2001,5
WV_2002,WV,2002,6
WV_2003,WV,2003,5.8
WV_2004,WV,2004,5.1
WV_2005,WV,2005,5.1
WV_2006,WV,2006,5.1
WV_2007,WV,2007,4.7
WV_2008,WV,2008,4.4
WV_2009,WV,2009,8.3
WV_2010,WV,2010,8.8
WV_2011,WV,2011,7.8
WV_2012,WV,2012,7.6
WV_2013,WV,2013,6.7
WV_2014,WV,2014,6.5
WV_2015,WV,2015,6.5
WV_2016,WV,2016,5.9
WV_2017,WV,2017,5.4
WI_1976,WI,1976,5.4
WI_1977,WI,1977,5
WI_1978,WI,1978,5.1
WI_1979,WI,1979,4.6
WI_1980,WI,1980,8.6
WI_1981,WI,1981,8.3
WI_1982,WI,1982,11.4
WI_1983,WI,1983,9.2
WI_1984,WI,1984,7
WI_1985,WI,1985,7.2
WI_1986,WI,1986,6.8
WI_1987,WI,1987,5.6
WI_1988,WI,1988,4.2
WI_1989,WI,1989,4.3
WI_1990,WI,1990,4.7
WI_1991,WI,1991,5.4
WI_1992,WI,1992,5
WI_1993,WI,1993,4.7
WI_1994,WI,1994,4.2
WI_1995,WI,1995,3.8
WI_1996,WI,1996,3.5
WI_1997,WI,1997,3.4
WI_1998,WI,1998,3.6
WI_1999,WI,1999,3.1
WI_2000,WI,2000,3.7
WI_2001,WI,2001,4.9
WI_2002,WI,2002,5.4
WI_2003,WI,2003,5.6
WI_2004,WI,2004,4.9
WI_2005,WI,2005,4.8
WI_2006,WI,2006,4.8
WI_2007,WI,2007,5
WI_2008,WI,2008,5.5
WI_2009,WI,2009,9.1
WI_2010,WI,2010,8.3
WI_2011,WI,2011,7.5
WI_2012,WI,2012,6.9
WI_2013,WI,2013,6.5
WI_2014,WI,2014,5
WI_2015,WI,2015,4.4
WI_2016,WI,2016,3.9
WI_2017,WI,2017,3.2
WY_1976,WY,1976,3.8
WY_1977,WY,1977,3.1
WY_1978,WY,1978,3.1
WY_1979,WY,1979,3
WY_1980,WY,1980,4.3
WY_1981,WY,1981,4
WY_1982,WY,1982,7.7
WY_1983,WY,1983,6.9
WY_1984,WY,1984,6.3
WY_1985,WY,1985,7.3
WY_1986,WY,1986,9.3
WY_1987,WY,1987,7.2
WY_1988,WY,1988,6.4
WY_1989,WY,1989,6
WY_1990,WY,1990,5.3
WY_1991,WY,1991,5.4
WY_1992,WY,1992,5.4
WY_1993,WY,1993,5.4
WY_1994,WY,1994,4.7
WY_1995,WY,1995,4.8
WY_1996,WY,1996,5
WY_1997,WY,1997,4.6
WY_1998,WY,1998,4.8
WY_1999,WY,1999,4.4
WY_2000,WY,2000,3.9
WY_2001,WY,2001,3.8
WY_2002,WY,2002,4.1
WY_2003,WY,2003,4.1
WY_2004,WY,2004,3.8
WY_2005,WY,2005,3.6
WY_2006,WY,2006,3.2
WY_2007,WY,2007,2.9
WY_2008,WY,2008,3.3
WY_2009,WY,2009,7
WY_2010,WY,2010,6.1
WY_2011,WY,2011,5.7
WY_2012,WY,2012,5.3
WY_2013,WY,2013,4.6
WY_2014,WY,2014,4.1
WY_2015,WY,2015,4.5
WY_2016,WY,2016,5
WY_2017,WY,2017,4.2
HI_2018,HI,2018,2.2
IA_2018,IA,2018,2.5
ID_2018,ID,2018,2.7
NH_2018,NH,2018,2.7
ND_2018,ND,2018,2.7
MN_2018,MN,2018,2.8
NE_2018,NE,2018,2.8
VT_2018,VT,2018,2.9
VA_2018,VA,2018,2.9
SD_2018,SD,2018,3
WI_2018,WI,2018,3
CO_2018,CO,2018,3.1
MO_2018,MO,2018,3.2
UT_2018,UT,2018,3.2
KS_2018,KS,2018,3.3
ME_2018,ME,2018,3.3
SC_2018,SC,2018,3.3
AR_2018,AR,2018,3.5
FL_2018,FL,2018,3.5
IN_2018,IN,2018,3.5
OK_2018,OK,2018,3.5
MA_2018,MA,2018,3.6
MT_2018,MT,2018,3.6
TN_2018,TN,2018,3.6
GA_2018,GA,2018,3.7
NC_2018,NC,2018,3.8
OR_2018,OR,2018,3.8
TX_2018,TX,2018,3.8
RI_2018,RI,2018,3.9
DE_2018,DE,2018,4
MI_2018,MI,2018,4
AL_2018,AL,2018,4.1
CA_2018,CA,2018,4.1
IL_2018,IL,2018,4.1
NY_2018,NY,2018,4.1
PA_2018,PA,2018,4.1
WY_2018,WY,2018,4.1
CT_2018,CT,2018,4.2
MD_2018,MD,2018,4.2
NJ_2018,NJ,2018,4.2
WA_2018,WA,2018,4.4
KY_2018,KY,2018,4.5
NV_2018,NV,2018,4.5
NM_2018,NM,2018,4.6
OH_2018,OH,2018,4.6
AZ_2018,AZ,2018,4.7
MS_2018,MS,2018,4.8
LA_2018,LA,2018,5
WV_2018,WV,2018,5.2
DC_2018,DC,2018,5.7
AL_2018,AL,2018,6.5
